{"aAcc": 88.47, "mIoU": 80.23, "mAcc": 89.7, "data_time": 0.0014933445603375274, "time": 0.14510541360406237}