{"aAcc": 20.6, "mIoU": 2.0, "mAcc": 7.67, "data_time": 0.0014889016490380793, "time": 0.07812802309493018}