{"aAcc": 88.46, "mIoU": 80.2, "mAcc": 90.74, "data_time": 0.0015701451245631079, "time": 0.4153622522939889}