{"aAcc": 88.62, "mIoU": 80.44, "mAcc": 91.22, "data_time": 0.0013847150335318471, "time": 0.23753094360530583}