{"aAcc": 88.62, "mIoU": 80.43, "mAcc": 91.21, "data_time": 0.0015714556863177967, "time": 0.23692932204594688}