{"aAcc": 88.01, "mIoU": 79.99, "mAcc": 91.05, "data_time": 0.0014334388072117187, "time": 0.22570713558552427}