{"aAcc": 86.16, "mIoU": 77.88, "mAcc": 89.37, "data_time": 0.0015422674275168556, "time": 0.06692842008986911}