{"aAcc": 87.14, "mIoU": 77.93, "mAcc": 88.65, "data_time": 0.0012356529077881364, "time": 0.015999586356763924}