{"aAcc": 83.79, "mIoU": 75.74, "mAcc": 88.32, "data_time": 0.0014691106034114988, "time": 0.06472600403121621}