{"aAcc": 87.14, "mIoU": 77.93, "mAcc": 88.65, "data_time": 0.0012567420101231588, "time": 0.016064298983851}