{"aAcc": 77.61, "mIoU": 66.72, "mAcc": 81.65, "data_time": 0.0014165747651073174, "time": 0.07089835565776312}