{"aAcc": 62.6, "mIoU": 32.01, "mAcc": 72.68, "data_time": 0.001379966900379926, "time": 0.06445437830180609}