{"aAcc": 88.84, "mIoU": 80.92, "mAcc": 90.35, "data_time": 0.0014148635482524822, "time": 0.06441925755034157}