{"aAcc": 83.79, "mIoU": 75.74, "mAcc": 88.32, "data_time": 0.0015017497613563301, "time": 0.06414988848815875}