{"aAcc": 77.61, "mIoU": 66.72, "mAcc": 81.65, "data_time": 0.0014649301335431528, "time": 0.07150366538306448}