{"aAcc": 75.24, "mIoU": 61.41, "mAcc": 75.75, "data_time": 0.0014167114979156221, "time": 0.0636852606976748}