{"aAcc": 40.16, "mIoU": 19.77, "mAcc": 26.01, "data_time": 0.0014639535881553214, "time": 0.10771558842550401}