{"aAcc": 24.19, "mIoU": 5.77, "mAcc": 9.73, "data_time": 0.0012426169022269871, "time": 0.016238442447944045}