{"aAcc": 78.2, "mIoU": 67.53, "mAcc": 82.36, "data_time": 0.0015562464238200375, "time": 0.07061348955247877}