{"aAcc": 87.13, "mIoU": 77.93, "mAcc": 88.65, "data_time": 0.0013691474027350658, "time": 0.06897231181627146}