{"aAcc": 87.13, "mIoU": 77.93, "mAcc": 88.65, "data_time": 0.0014967296434485395, "time": 0.070844556809788}