{"aAcc": 88.84, "mIoU": 80.93, "mAcc": 90.35, "data_time": 0.0012227529653439939, "time": 0.015589625363188666}